"Time","System uptime"
2021-04-09 05:23:00,11:26:27
2021-04-09 05:24:00,11:27:27
2021-04-09 05:25:00,11:28:27
2021-04-09 05:26:00,11:29:27
2021-04-09 05:27:00,11:30:27
2021-04-09 05:28:00,11:31:27
2021-04-09 05:29:00,11:32:27
2021-04-09 05:30:00,11:33:27
2021-04-09 05:31:00,11:34:27
2021-04-09 05:32:00,11:35:27
2021-04-09 05:33:00,11:36:27
2021-04-09 05:34:00,11:37:27
2021-04-09 05:35:00,11:38:27
2021-04-09 05:36:00,11:39:27
2021-04-09 05:37:00,11:40:27
2021-04-09 05:38:00,11:41:27
2021-04-09 05:39:00,11:42:27
2021-04-09 05:40:00,11:43:26
2021-04-09 05:41:00,11:44:26
2021-04-09 05:42:00,11:45:26
2021-04-09 05:43:00,11:46:26
2021-04-09 05:44:00,11:47:26
2021-04-09 05:45:00,11:48:26
2021-04-09 05:46:00,11:49:26
2021-04-09 05:47:00,11:50:26
2021-04-09 05:48:00,11:51:26
2021-04-09 05:49:00,11:52:26
2021-04-09 05:50:00,11:53:27
2021-04-09 05:51:00,11:54:27
2021-04-09 05:52:00,11:55:27
2021-04-09 05:53:00,11:56:27
2021-04-09 05:54:00,11:57:27
2021-04-09 05:55:00,11:58:27
2021-04-09 05:56:00,11:59:27
2021-04-09 05:57:00,12:00:27
2021-04-09 05:58:00,12:01:27
2021-04-09 05:59:00,12:02:26
2021-04-09 06:00:00,12:03:27
2021-04-09 06:01:00,12:04:27
2021-04-09 06:02:00,12:05:27
2021-04-09 06:03:00,12:06:27
2021-04-09 06:04:00,12:07:27
2021-04-09 06:05:00,12:08:27
2021-04-09 06:06:00,12:09:26
2021-04-09 06:07:00,12:10:26
2021-04-09 06:08:00,12:11:27
2021-04-09 06:09:00,12:12:27
2021-04-09 06:10:00,12:13:27
2021-04-09 06:11:00,12:14:26
2021-04-09 06:12:00,12:15:26
2021-04-09 06:13:00,12:16:26
2021-04-09 06:14:00,12:17:26
2021-04-09 06:15:00,12:18:26
2021-04-09 06:16:00,12:19:26
2021-04-09 06:17:00,12:20:26
2021-04-09 06:18:00,12:21:26
2021-04-09 06:19:00,12:22:26
2021-04-09 06:20:00,12:23:26
2021-04-09 06:21:00,12:24:26
2021-04-09 06:22:00,12:25:26
2021-04-09 06:23:00,12:26:26
2021-04-09 06:24:00,12:27:26
2021-04-09 06:25:00,12:28:26
2021-04-09 06:26:00,12:29:26
2021-04-09 06:27:00,12:30:26
2021-04-09 06:28:00,12:31:26
2021-04-09 06:29:00,12:32:26
2021-04-09 06:30:00,12:33:26
2021-04-09 06:31:00,12:34:26
2021-04-09 06:32:00,12:35:26
2021-04-09 06:33:00,12:36:26
2021-04-09 06:34:00,12:37:26
2021-04-09 06:35:00,12:38:26
2021-04-09 06:36:00,12:39:26
2021-04-09 06:37:00,12:40:26
2021-04-09 06:38:00,12:41:26
2021-04-09 06:39:00,12:42:26
2021-04-09 06:40:00,12:43:26
2021-04-09 06:41:00,12:44:26
2021-04-09 06:42:00,12:45:26
2021-04-09 06:43:00,12:46:26
2021-04-09 06:44:00,12:47:26
2021-04-09 06:45:00,12:48:26
2021-04-09 06:46:00,12:49:26
2021-04-09 06:47:00,12:50:26
2021-04-09 06:48:00,12:51:26
2021-04-09 06:49:00,12:52:26
2021-04-09 06:50:00,12:53:26
2021-04-09 06:51:00,12:54:26
2021-04-09 06:52:00,12:55:26
2021-04-09 06:53:00,12:56:26
2021-04-09 06:54:00,12:57:26
2021-04-09 06:55:00,12:58:26
2021-04-09 06:56:00,12:59:26
2021-04-09 06:57:00,13:00:26
2021-04-09 06:58:00,13:01:26
2021-04-09 06:59:00,13:02:26
2021-04-09 07:00:00,13:03:26
2021-04-09 07:01:00,13:04:26
2021-04-09 07:02:00,13:05:26
2021-04-09 07:03:00,13:06:26
2021-04-09 07:04:00,13:07:26
2021-04-09 07:05:00,13:08:27
2021-04-09 07:06:00,13:09:27
2021-04-09 07:07:00,13:10:27
2021-04-09 07:08:00,13:11:27
2021-04-09 07:09:00,13:12:27
2021-04-09 07:10:00,13:13:27
2021-04-09 07:11:00,13:14:27
2021-04-09 07:12:00,13:15:27
2021-04-09 07:13:00,13:16:27
2021-04-09 07:14:00,13:17:27
2021-04-09 07:15:00,13:18:27
2021-04-09 07:16:00,13:19:27
2021-04-09 07:17:00,13:20:27
2021-04-09 07:18:00,13:21:27
2021-04-09 07:19:00,13:22:27
2021-04-09 07:20:00,13:23:27
2021-04-09 07:21:00,13:24:27
2021-04-09 07:22:00,13:25:26
2021-04-09 07:23:00,13:26:26
2021-04-09 07:24:00,13:27:26
2021-04-09 07:25:00,13:28:26
2021-04-09 07:26:00,13:29:26
2021-04-09 07:27:00,13:30:26
2021-04-09 07:28:00,13:31:26
2021-04-09 07:29:00,13:32:26
2021-04-09 07:30:00,13:33:26
2021-04-09 07:31:00,13:34:26
2021-04-09 07:32:00,13:35:26
2021-04-09 07:33:00,13:36:26
2021-04-09 07:34:00,13:37:26
2021-04-09 07:35:00,13:38:26
2021-04-09 07:36:00,13:39:26
2021-04-09 07:37:00,13:40:26
2021-04-09 07:38:00,13:41:26
2021-04-09 07:39:00,13:42:26
2021-04-09 07:40:00,13:43:26
2021-04-09 07:41:00,13:44:26
2021-04-09 07:42:00,13:45:26
2021-04-09 07:43:00,13:46:26
2021-04-09 07:44:00,13:47:26
2021-04-09 07:45:00,13:48:26
2021-04-09 07:46:00,13:49:26
2021-04-09 07:47:00,13:50:26
2021-04-09 07:48:00,13:51:26
2021-04-09 07:49:00,13:52:26
2021-04-09 07:50:00,13:53:26
2021-04-09 07:51:00,13:54:26
2021-04-09 07:52:00,13:55:26
2021-04-09 07:53:00,13:56:26
2021-04-09 07:54:00,13:57:26
2021-04-09 07:55:00,13:58:26
2021-04-09 07:56:00,13:59:26
2021-04-09 07:57:00,14:00:26
2021-04-09 07:58:00,14:01:26
2021-04-09 07:59:00,14:02:26
2021-04-09 08:00:00,14:03:26
2021-04-09 08:01:00,14:04:26
2021-04-09 08:02:00,14:05:26
2021-04-09 08:03:00,14:06:26
2021-04-09 08:04:00,14:07:26
2021-04-09 08:05:00,14:08:26
2021-04-09 08:06:00,14:09:26
2021-04-09 08:07:00,14:10:26
2021-04-09 08:08:00,14:11:26
2021-04-09 08:09:00,14:12:26
2021-04-09 08:10:00,14:13:26
2021-04-09 08:11:00,14:14:26
2021-04-09 08:12:00,14:15:26
2021-04-09 08:13:00,14:16:27
2021-04-09 08:14:00,14:17:27
2021-04-09 08:15:00,14:18:27
2021-04-09 08:16:00,14:19:27
2021-04-09 08:17:00,14:20:27
2021-04-09 08:18:00,14:21:27
2021-04-09 08:19:00,14:22:27
2021-04-09 08:20:00,14:23:27
2021-04-09 08:21:00,14:24:27
2021-04-09 08:22:00,14:25:27
2021-04-09 08:23:00,14:26:27
2021-04-09 08:24:00,14:27:27
2021-04-09 08:25:00,14:28:27
2021-04-09 08:26:00,14:29:27
2021-04-09 08:27:00,14:30:27
2021-04-09 08:28:00,14:31:27
2021-04-09 08:29:00,14:32:26
2021-04-09 08:30:00,14:33:26
2021-04-09 08:31:00,14:34:26
2021-04-09 08:32:00,14:35:26
2021-04-09 08:33:00,14:36:26
2021-04-09 08:34:00,14:37:26
2021-04-09 08:35:00,14:38:26
2021-04-09 08:36:00,14:39:26
2021-04-09 08:37:00,14:40:26
2021-04-09 08:38:00,14:41:26
2021-04-09 08:39:00,14:42:26
2021-04-09 08:40:00,14:43:26
2021-04-09 08:41:00,14:44:26
2021-04-09 08:42:00,14:45:26
2021-04-09 08:43:00,14:46:26
2021-04-09 08:44:00,14:47:26
2021-04-09 08:45:00,14:48:26
2021-04-09 08:46:00,14:49:26
2021-04-09 08:47:00,14:50:26
2021-04-09 08:48:00,14:51:26
2021-04-09 08:49:00,14:52:26
2021-04-09 08:50:00,14:53:26
2021-04-09 08:51:00,14:54:26
2021-04-09 08:52:00,14:55:26
2021-04-09 08:53:00,14:56:26
2021-04-09 08:54:00,14:57:26
2021-04-09 08:55:00,14:58:26
2021-04-09 08:56:00,14:59:27
2021-04-09 08:57:00,15:00:27
2021-04-09 08:58:00,15:01:27
2021-04-09 08:59:00,15:02:27
2021-04-09 09:00:00,15:03:27
2021-04-09 09:01:00,15:04:27
2021-04-09 09:02:00,15:05:27
2021-04-09 09:03:00,15:06:26
2021-04-09 09:04:00,15:07:26
2021-04-09 09:05:00,15:08:26
2021-04-09 09:06:00,15:09:26
2021-04-09 09:07:00,15:10:26
2021-04-09 09:08:00,15:11:26
2021-04-09 09:09:00,15:12:26
2021-04-09 09:10:00,15:13:26
2021-04-09 09:11:00,15:14:26
2021-04-09 09:12:00,15:15:26
2021-04-09 09:13:00,15:16:26
2021-04-09 09:14:00,15:17:26
2021-04-09 09:15:00,15:18:26
2021-04-09 09:16:00,15:19:26
2021-04-09 09:17:00,15:20:26
2021-04-09 09:18:00,15:21:26
2021-04-09 09:19:00,15:22:26
2021-04-09 09:20:00,15:23:26
2021-04-09 09:21:00,15:24:26
2021-04-09 09:22:00,15:25:26
2021-04-09 09:23:00,15:26:26
2021-04-09 09:24:00,15:27:27
2021-04-09 09:25:00,15:28:27
2021-04-09 09:26:00,15:29:27
2021-04-09 09:27:00,15:30:27
2021-04-09 09:28:00,15:31:27
2021-04-09 09:29:00,15:32:27
2021-04-09 09:30:00,15:33:27
2021-04-09 09:31:00,15:34:27
2021-04-09 09:32:00,15:35:27
2021-04-09 09:33:00,15:36:27
2021-04-09 09:34:00,15:37:27
2021-04-09 09:35:00,15:38:27
2021-04-09 09:36:00,15:39:27
2021-04-09 09:37:00,15:40:27
2021-04-09 09:38:00,15:41:27
2021-04-09 09:39:00,15:42:27
2021-04-09 09:40:00,15:43:27
2021-04-09 09:41:00,15:44:26
2021-04-09 09:42:00,15:45:26
2021-04-09 09:43:00,15:46:26
2021-04-09 09:44:00,15:47:26
2021-04-09 09:45:00,15:48:26
2021-04-09 09:46:00,15:49:26
2021-04-09 09:47:00,15:50:26
2021-04-09 09:48:00,15:51:26
2021-04-09 09:49:00,15:52:26
2021-04-09 09:50:00,15:53:26
2021-04-09 09:51:00,15:54:26
2021-04-09 09:52:00,15:55:26
2021-04-09 09:53:00,15:56:26
2021-04-09 09:54:00,15:57:26
2021-04-09 09:55:00,15:58:26
2021-04-09 09:56:00,15:59:26
2021-04-09 09:57:00,16:00:26
2021-04-09 09:58:00,16:01:26
2021-04-09 09:59:00,16:02:26
2021-04-09 10:00:00,16:03:26
2021-04-09 10:01:00,16:04:26
2021-04-09 10:02:00,16:05:26
2021-04-09 10:03:00,16:06:26
2021-04-09 10:04:00,16:07:26
2021-04-09 10:05:00,16:08:26
2021-04-09 10:06:00,16:09:26
2021-04-09 10:07:00,16:10:26
2021-04-09 10:08:00,16:11:26
2021-04-09 10:09:00,16:12:26
2021-04-09 10:10:00,16:13:27
2021-04-09 10:11:00,16:14:27
2021-04-09 10:12:00,16:15:27
2021-04-09 10:13:00,16:16:27
2021-04-09 10:14:00,16:17:27
2021-04-09 10:15:00,16:18:27
2021-04-09 10:16:00,16:19:27
2021-04-09 10:17:00,16:20:27
2021-04-09 10:18:00,16:21:27
2021-04-09 10:19:00,16:22:27
2021-04-09 10:20:00,16:23:27
2021-04-09 10:21:00,16:24:27
2021-04-09 10:22:00,16:25:27
2021-04-09 10:23:00,16:26:26
2021-04-09 10:24:00,16:27:26
2021-04-09 10:25:00,16:28:26
2021-04-09 10:26:00,16:29:26
2021-04-09 10:27:00,16:30:26
2021-04-09 10:28:00,16:31:26
2021-04-09 10:29:00,16:32:26
2021-04-09 10:30:00,16:33:26
2021-04-09 10:31:00,16:34:26
2021-04-09 10:32:00,16:35:26
2021-04-09 10:33:00,16:36:26
2021-04-09 10:34:00,16:37:26
2021-04-09 10:35:00,16:38:26
2021-04-09 10:36:00,16:39:26
2021-04-09 10:37:00,16:40:26
2021-04-09 10:38:00,16:41:26
2021-04-09 10:39:00,16:42:26
2021-04-09 10:40:00,16:43:26
2021-04-09 10:41:00,16:44:26
2021-04-09 10:42:00,16:45:26
2021-04-09 10:43:00,16:46:26
2021-04-09 10:44:00,16:47:26
2021-04-09 10:45:00,16:48:26
2021-04-09 10:46:00,16:49:26
2021-04-09 10:47:00,16:50:26
2021-04-09 10:48:00,16:51:26
2021-04-09 10:49:00,16:52:26
2021-04-09 10:50:00,16:53:26
2021-04-09 10:51:00,16:54:26
2021-04-09 10:52:00,16:55:26
2021-04-09 10:53:00,16:56:26
2021-04-09 10:54:00,16:57:26
2021-04-09 10:55:00,16:58:26
2021-04-09 10:56:00,16:59:26
2021-04-09 10:57:00,17:00:26
2021-04-09 10:58:00,17:01:26
2021-04-09 10:59:00,17:02:26
2021-04-09 11:00:00,17:03:26
2021-04-09 11:01:00,17:04:26
2021-04-09 11:02:00,17:05:26
2021-04-09 11:03:00,17:06:26
2021-04-09 11:04:00,17:07:26
2021-04-09 11:05:00,17:08:26
2021-04-09 11:06:00,17:09:26
2021-04-09 11:07:00,17:10:26
2021-04-09 11:08:00,17:11:27
2021-04-09 11:09:00,17:12:27
2021-04-09 11:10:00,17:13:27
2021-04-09 11:11:00,17:14:27
2021-04-09 11:12:00,17:15:27
2021-04-09 11:13:00,17:16:27
2021-04-09 11:14:00,17:17:27
2021-04-09 11:15:00,17:18:27
2021-04-09 11:16:00,17:19:27
2021-04-09 11:17:00,17:20:27
2021-04-09 11:18:00,17:21:27
2021-04-09 11:19:00,17:22:27
2021-04-09 11:20:00,17:23:27
2021-04-09 11:21:00,17:24:27
2021-04-09 11:22:00,17:25:27

